x_ref,y_ref,z_ref,x,y,z,eta,e1,e2,e3,u,v,w,p,q,r,sec,nanosec,angle2,angle3,control_mode,std_test
0.0,0.0,5.0,0.8109835532917952,0.006456184868272,4.961727715657917,-0.08958358877394795,0.0014653357928701687,0.025357555913568933,-0.9956553760069216,-0.1738438675073565,0.017030160123040174,-0.00258028997795083,0.10539780341787264,0.004579080086841714,0.0015699803384450206,1891,376000000,9.8,0,2,1
0.0,0.0,5.0,0.8326847744042907,0.0007362501631288023,4.961257733816063,-0.08935417344142144,0.0011656143952740797,0.01781925886827595,-0.9958398199736076,-0.14507413372260017,0.009222764860654823,-0.0026035056365392205,0.10860284382943064,0.005736397906730417,0.005687762131856289,1891,543000000,9.62,0,2,1
-0.0006168375916972835,0.07853658655910338,5.0627905195293135,0.847929758060564,-0.002782040705038649,4.960918378863238,-0.08887477842048719,0.0009686564656382329,0.01197984027446933,-0.9959702901655042,-0.11783404590198329,0.004339824421894489,-0.0025102324364809133,0.08660512685310096,0.005147141018824186,0.010194553760811687,1891,741000000,9.47,0,2,1
