x_ref,y_ref,z_ref,x,y,z,eta,e1,e2,e3,u,v,w,p,q,r,sec,nanosec,angle2,angle3,control_mode,std_test
0.0,0.0,5.0,-1.2740351733463315,0.030369478323391045,4.94461179356707,-0.9998939198031507,0.00019198629070444833,-0.00048307381185310003,0.01455606133701931,-0.1409138599804326,-0.009741302899998052,-0.0030723126115913928,0.0001622916769861149,0.0016884894307622744,0.006617510007345118,1891,328000000,1.23,0,2,1
-0.0006168375916972835,0.07853658655910338,5.0627905195293135,-1.2918009568524906,0.029616333814616425,4.9442584722866,-0.99989958891696,0.00017401771133959308,-0.0005511498635992064,0.014159026638797645,-0.11092647929790263,-0.008316261410984604,-0.0022536310031784274,0.0003404511829785406,0.00011377112691945968,0.0048117061396624194,1891,572000000,1.05,0,2,1
