x_ref,y_ref,z_ref,x,y,z,eta,e1,e2,e3,u,v,w,p,q,r,sec,nanosec,angle2,angle3,control_mode,std_test,x2,y2,z2
-10.127082274550048,-10.127082274550048,10.0,19.276992069584043,27.16990004164283,0.8224347003375678,-0.9131403019793771,0.01463837505508556,-0.04674338625334344,-0.4046919355736276,-1.5049646459083525,0.012927570829175825,-0.31519458782094323,-0.024974276493594516,0.22753547091269866,-0.18997069710167125,389,837000000,0,0,1,0,0,0,0
-10.127082274550048,-10.127082274550048,10.0,19.057179646934568,26.896433349229188,0.7884611836521991,-0.9246149035199402,0.030670891533200816,-0.07531140270915238,-0.37212198164493043,-1.3668322229196268,-0.24724859668107574,-0.3436346804376567,0.02752515338215744,0.2517711080145091,-0.2776908571831882,390,97000000,0,0,1,0,0,0,0
-10.127082274550048,-10.127082274550048,10.0,18.85915921647524,26.618491182743302,0.7645687665813893,-0.930463390538625,0.03606769834824164,-0.09633907583554241,-0.35164724152249466,-1.3454460771165264,-0.31722679080438804,-0.34769506304215186,-0.17964319413295016,0.0767936886404641,-0.07232378120534122,390,340000000,0,0,1,0,0,0,0
-10.127082274550048,-10.127082274550048,10.0,18.70351635278137,26.412582409802464,0.7616161133280066,-0.9297553816627824,0.04915242813066886,-0.08850241274800541,-0.35398628789225023,-1.3968430882948821,-0.249504932738205,-0.2673747767514315,-0.1371646736515686,-0.09767041119630449,0.059660001716110855,390,583000000,0,0,1,0,0,0,0
-10.127082274550048,-10.127082274550048,10.0,18.517470097806424,26.186762600519188,0.768294431532351,-0.9269413603247127,0.06542292587686753,-0.06689273716354886,-0.36335233177158655,-1.4539185760743192,-0.16674388083504427,-0.2321836242886936,-0.21909168281126767,-0.16487585962750018,0.08900362372514792,390,771000000,0,0,1,0,0,0,0
